{"cameraMode":{"drawMode":0,"name":"Shaded","section":"Shading Mode"},"sceneLighting":false,"audioPlay":false,"sceneViewState":{"showFog":false,"showMaterialUpdate":false,"showSkybox":false,"showFlares":false,"showImageEffects":false,"showParticleSystems":false},"in2DMode":false,"pivot":{"x":-74.567626953125,"y":24.173620223999025,"z":-138.55885314941407},"rotation":{"x":0.21217994391918183,"y":-0.13784953951835633,"z":0.03024756908416748,"w":0.9669862389564514},"size":50.22172164916992,"orthographic":false}