{"cameraMode":{"drawMode":0,"name":"Shaded","section":"Shading Mode"},"sceneLighting":false,"audioPlay":false,"sceneViewState":{"showFog":false,"showMaterialUpdate":false,"showSkybox":false,"showFlares":false,"showImageEffects":false,"showParticleSystems":false},"in2DMode":false,"pivot":{"x":-8.736138343811036,"y":1.1443159580230713,"z":9.386608123779297},"rotation":{"x":0.15247619152069093,"y":-0.532673180103302,"z":0.09825033694505692,"w":0.8266542553901672},"size":8.980093002319336,"orthographic":false}